Track ID,Track Name,Album Name,Artist Name(s),Release Date,Duration (ms),Popularity,Added By,Added At,Genres,Record Label,Danceability,Energy,Key,Loudness,Mode,Speechiness,Acousticness,Instrumentalness,Liveness,Valence,Tempo,Time Signature
4DHepDfmKXjA8T1pnUsLlg,Dekho Maine Dekha Hai Ek Sapna,Love Story,"Lata Mangeshkar,Amit Kumar,R. D. Burman",2/27/1981,339308,47,31xenvtkitu6a356z43dlsw7xrwm,2025-02-22T12:45:17Z,"ghazal,bollywood,bhajan,hindi pop,marathi pop,bangla pop",Saregama,0.617,0.529,8,-6.799,1,0.0425,0.5,0.000644,0.0514,0.843,112.438,4
4mhKFYYMy6BOq45VRMmwuu,Tune O Rangeele,Lata Surili Phuljhadi,Lata Mangeshkar,10/26/2021,212666,39,31xenvtkitu6a356z43dlsw7xrwm,2025-02-22T12:45:45Z,"ghazal,bollywood,bhajan,hindi pop,marathi pop",Saregama,0.659,0.368,4,-12.404,1,0.037,0.922,0.000285,0.152,0.765,117.232,4
40kqWQcqVR6GcjnWhoqHTg,Maine Tere Liye,Mukesh Ki Barfi,Mukesh,10/26/2021,186493,54,31xenvtkitu6a356z43dlsw7xrwm,2025-02-22T12:46:03Z,"ghazal,tamil dance",Saregama,0.596,0.66,3,-6.083,1,0.0309,0.85,0.000424,0.371,0.894,126.197,4
7fyNUqwla8VHtdk2a7lycW,Hum Dono Do Premi,Remembering Lata Mangeshkar,"Lata Mangeshkar,Kishore Kumar",2/18/2022,270733,43,31xenvtkitu6a356z43dlsw7xrwm,2025-02-22T12:46:25Z,"ghazal,bollywood,bhajan,hindi pop,marathi pop,bangla pop",Saregama,0.35,0.557,6,-8.839,1,0.0357,0.984,0.068,0.0511,0.677,86.617,4
2Is7ElE0yrqns54eNSw4Jt,Beqarar Karke Hamen Yun Na Jaiye,"Baarishein, Chai Aur Hemant Kumar",Hemant Kumar,7/12/2023,189880,54,31xenvtkitu6a356z43dlsw7xrwm,2025-02-22T12:46:48Z,"bangla pop,ghazal,marathi pop",Saregama India Ltd,0.653,0.446,10,-11.823,0,0.0483,0.971,0.251,0.621,0.757,113.465,4
65Jc0dClAN7bfmhLJ9gJyU,Samne Ye Kaun Aya - From Jawani Diwani,Icon,"Kishore Kumar,R. D. Burman",5/4/2015,252986,36,31xenvtkitu6a356z43dlsw7xrwm,2025-02-22T12:46:58Z,"bangla pop,ghazal,hindi pop,bollywood",Universal Music India Pvt Ltd.,0.649,0.624,4,-4.382,1,0.0883,0.676,0,0.151,0.887,100.862,4
56R9dZ7QxWhcfre5hoiPZV,Chhoti Chhoti Raatein,Tum Bin,"Sonu Nigam,Anuradha Paudwal",5/2/2001,359546,53,31xenvtkitu6a356z43dlsw7xrwm,2025-02-22T12:47:16Z,"kannada pop,bollywood,sandalwood,hindi pop,desi,marathi pop,bhajan,devotional,ghazal",T-Series,0.548,0.596,10,-11.22,0,0.111,0.115,0.00000393,0.344,0.758,178.706,4
3J8ueXZ1M2QsPznc4T9oSj,Wada Kar Le Sajna,Haath Ki Safai,"Lata Mangeshkar,Mohammed Rafi,Kalyanji-Anandji",8/30/1974,287504,43,31xenvtkitu6a356z43dlsw7xrwm,2025-02-22T12:47:28Z,"ghazal,bollywood,bhajan,hindi pop,marathi pop",Saregama,0.352,0.607,9,-6.074,0,0.0326,0.796,0.000242,0.199,0.563,153.564,4
77E9kDXT7gJIkxUaTPu6Ub,Chand Se Parda,Aao Pyar Karen,Kumar Sanu,11/25/1994,379739,60,31xenvtkitu6a356z43dlsw7xrwm,2025-02-22T12:47:43Z,"bollywood,hindi pop",Shemaroo Entertainment Ltd.,0.577,0.909,7,-4.445,1,0.0465,0.396,0.00000592,0.0569,0.615,120.323,4
7Avl75LRSHu6J13bt67W2o,Kya Yahi Pyar Hai - From Rocky,Audiobiography,"Lata Mangeshkar,Kishore Kumar,R. D. Burman",1/1/2013,384493,49,31xenvtkitu6a356z43dlsw7xrwm,2025-02-22T12:47:55Z,"ghazal,bollywood,bhajan,hindi pop,marathi pop,bangla pop",Universal Music India Pvt Ltd.,0.648,0.41,7,-9.564,0,0.0268,0.413,0,0.12,0.601,102.64,4
13YOrhUYu2exRnOTdlqUQw,Kitne Bhi Tu Karle Sitam - From Sanam Teri Kasam,FM Hits - All Time Radio Hits,"Kishore Kumar,R. D. Burman",7/10/2014,276413,37,31xenvtkitu6a356z43dlsw7xrwm,2025-02-22T12:48:36Z,"bangla pop,ghazal,hindi pop,bollywood",Universal Music India Pvt Ltd.,0.596,0.683,7,-7.278,1,0.0334,0.431,0.000039,0.162,0.961,128.767,4
6rkqqLPg9Lbsdh26JMqfp0,Gaata Rahe Mera Dil,Remembering Lata Mangeshkar,"Lata Mangeshkar,Kishore Kumar",2/18/2022,292855,39,31xenvtkitu6a356z43dlsw7xrwm,2025-02-22T12:48:44Z,"ghazal,bollywood,bhajan,hindi pop,marathi pop,bangla pop",Saregama,0.397,0.652,7,-7.278,1,0.0449,0.954,0.00121,0.261,0.663,90.86,4
00wU6YKnzNlavZ1TPpLUlp,Sochenge Tumhe Pyar (From Deewana),"Bollywood Best Trio - Kumar Sanu, Nadeem - Shravan",Kumar Sanu,7/1/2016,362888,57,31xenvtkitu6a356z43dlsw7xrwm,2025-02-22T12:49:00Z,"bollywood,hindi pop",Ishtar Music Pvt. Ltd.,0.553,0.729,0,-10.778,1,0.0434,0.789,0,0.0586,0.749,125.251,4
6ipAyDKbhjPANU0tYC2LWZ,Teri Yaad Aa Rahi Hai - 1980,Love Story,"Lata Mangeshkar,Amit Kumar,R. D. Burman",2/27/1981,333863,40,31xenvtkitu6a356z43dlsw7xrwm,2025-02-22T12:51:53Z,"ghazal,bollywood,bhajan,hindi pop,marathi pop,bangla pop",Saregama,0.404,0.55,3,-7.647,1,0.0339,0.75,0.00022,0.212,0.491,127.851,4
3SwkKcpCModXgfYCFn67CA,Waada Raha Sanam (From Khiladi),Sensational Duets (Abhijeet & Alka Yagnik),Abhijeet,7/1/2016,367934,59,31xenvtkitu6a356z43dlsw7xrwm,2025-02-22T12:52:07Z,"bollywood,hindi pop",Ishtar Music Pvt. Ltd.,0.578,0.626,0,-8.722,1,0.0411,0.772,0.000639,0.111,0.779,125.956,4
4APKfi2FMNCu5zo6RwUq1O,Tere Mere Milan Ki Yeh Raina,Remembering Lata Mangeshkar,"Lata Mangeshkar,Kishore Kumar",2/18/2022,294333,41,31xenvtkitu6a356z43dlsw7xrwm,2025-02-22T13:13:53Z,"ghazal,bollywood,bhajan,hindi pop,marathi pop,bangla pop",Saregama,0.3,0.52,7,-5.682,0,0.0325,0.822,0.00000482,0.0452,0.541,85.233,3
7yJVavhTsIrjM1KleXlpHR,Karvaten Badalte Rahe,Aap Ki Kasam,"Kishore Kumar,Lata Mangeshkar,R. D. Burman",4/17/1974,310813,49,31xenvtkitu6a356z43dlsw7xrwm,2025-02-22T13:14:15Z,"bangla pop,ghazal,hindi pop,bollywood,bhajan,marathi pop",Saregama,0.255,0.397,10,-12.411,1,0.0352,0.882,0.0000058,0.128,0.595,81.232,3
3wY157vtLumAlFxBKTeInE,O Mere Sona Re Sona,Teesri Manzil,"Asha Bhosle,Mohammed Rafi,R. D. Burman",1/1/1966,300088,50,31xenvtkitu6a356z43dlsw7xrwm,2025-02-22T13:14:26Z,"ghazal,marathi pop,bangla pop,bollywood,hindi pop",Saregama,0.676,0.551,3,-6.586,1,0.0813,0.915,0,0.294,0.907,108.82,4
7fSiWSMJlLHpGX7bZjjhAM,Gori Tera Gaon Bada Pyara,Common Man Superstar Amol Palekar,K. J. Yesudas,3/30/2023,307560,41,31xenvtkitu6a356z43dlsw7xrwm,2025-02-22T13:14:35Z,"malayalam pop,devotional,mollywood,tamil pop",Saregama,0.452,0.686,2,-7.804,1,0.0361,0.813,0.000419,0.359,0.76,143.294,3
2dgbRnCqHa7bYlqWSytvKD,Zeehale Muskin - From Ghulami,"The Legend Forever, Vol. 1","Lata Mangeshkar,Shabbir Kumar",1/1/2012,446440,46,31xenvtkitu6a356z43dlsw7xrwm,2025-02-22T13:14:46Z,"ghazal,bollywood,bhajan,hindi pop,marathi pop,bhojiwood",Universal Music India Pvt Ltd.,0.496,0.83,11,-3.103,0,0.0492,0.871,0.000165,0.238,0.779,133.491,4
4kCWHZwcFXbpRRvOoXovNL,Aawaz Do Humko - Happy,Dushman,"Udit Narayan,Lata Mangeshkar",5/29/1998,358160,46,31xenvtkitu6a356z43dlsw7xrwm,2025-02-22T13:18:18Z,"bollywood,hindi pop,desi,ghazal,bhajan,marathi pop",Saregama,0.751,0.564,2,-12.159,1,0.0451,0.467,0.0017,0.203,0.887,136.055,4
3rLSVdt9C2Pg2jo90oltnU,Ek Ladki Ko Dekha,1942 A Love Story,"Kumar Sanu,R. D. Burman",4/15/1994,275386,54,31xenvtkitu6a356z43dlsw7xrwm,2025-02-22T13:18:38Z,"bollywood,hindi pop,ghazal,bangla pop",Saregama,0.517,0.495,10,-10.129,1,0.0326,0.583,0,0.0622,0.826,81.402,4
43TsFFiJhkU8Lsame8tFv5,Goom Hai Kisi Ke Pyar Mein,Raampur Ka Lakshman,"Kishore Kumar,Lata Mangeshkar,R. D. Burman",7/26/1972,254933,49,31xenvtkitu6a356z43dlsw7xrwm,2025-02-22T13:18:57Z,"bangla pop,ghazal,hindi pop,bollywood,bhajan,marathi pop",Saregama,0.6,0.323,0,-13.781,0,0.0418,0.862,0.00033,0.235,0.567,116.699,4
1uzOlgvER5kJHSu6JZx64C,Bahon Mein Chale Aao,Lata Surili Phuljhadi,Lata Mangeshkar,10/26/2021,241666,54,31xenvtkitu6a356z43dlsw7xrwm,2025-02-22T13:19:04Z,"ghazal,bollywood,bhajan,hindi pop,marathi pop",Saregama,0.482,0.211,6,-16.491,1,0.0353,0.8,0.00000148,0.159,0.612,72.754,4
0QBgCQM3VQCSbd4M5I2N43,Mera Chand Mujhe Aaya Hai Nazar,Mr. Aashiq,Kumar Sanu,1/1/1999,351266,56,31xenvtkitu6a356z43dlsw7xrwm,2025-02-22T13:19:22Z,"bollywood,hindi pop",Saregama,0.551,0.761,2,-7.427,1,0.0275,0.148,0,0.0794,0.751,102.052,4
4ZNofOs5FgcrbmbJw3QDW8,Commentry Tabassum And O Sathi Chal - Seeta Aur Geeta,Flash Back - Asha Bhosle With Tabassum,"Tabassum,Asha Bhosle,R. D. Burman",1/12/2011,273160,46,31xenvtkitu6a356z43dlsw7xrwm,2025-02-22T13:19:29Z,"ghazal,marathi pop,bangla pop,bollywood,hindi pop",Saregama,0.417,0.637,2,-6.96,1,0.16,0.863,0.00169,0.106,0.814,88.589,4
0hakpZPreetqXFMTaCIHf7,Gore Rang Pe Itna Gumaan Na Kar - From Roti,Kishore Kumar Best Songs,"Kishore Kumar,Lata Mangeshkar",7/25/2024,287715,31,31xenvtkitu6a356z43dlsw7xrwm,2025-02-22T13:19:38Z,"bangla pop,ghazal,hindi pop,bollywood,bhajan,marathi pop",Universal Music India Pvt Ltd.,0.457,0.776,10,-4.904,0,0.0683,0.791,0,0.167,0.831,76.085,4
7eMALavv9CgU8R7ETPtDNK,Kitna Haseen Chehra (From Dilwale),"Bollywood Best Trio - Kumar Sanu, Nadeem - Shravan",Kumar Sanu,7/1/2016,354455,57,31xenvtkitu6a356z43dlsw7xrwm,2025-02-22T13:19:51Z,"bollywood,hindi pop",Ishtar Music Pvt. Ltd.,0.455,0.823,0,-9.182,0,0.0352,0.325,0.0000189,0.225,0.949,154.841,4
6MZCYPT3hZPzwJGLnXn1RF,Bade Achhe Lagte Hain,Balika Badhu,"Amit Kumar,R. D. Burman",3/15/1976,312080,58,31xenvtkitu6a356z43dlsw7xrwm,2025-02-22T13:20:07Z,"bollywood,ghazal,bangla pop,hindi pop",Saregama,0.378,0.146,6,-15.412,1,0.0403,0.897,0.0000162,0.122,0.178,138.649,3
5lIUOSw4sORid01JwghhQ5,Dil To Hai Dil,Muqaddar Ka Sikandar,"Lata Mangeshkar,Kalyanji-Anandji",10/27/1978,247791,46,31xenvtkitu6a356z43dlsw7xrwm,2025-02-22T13:20:21Z,"ghazal,bollywood,bhajan,hindi pop,marathi pop",Saregama,0.391,0.63,5,-7.7,1,0.0341,0.698,0.000001,0.0875,0.67,110.578,4
1CwKa1P72a68kk2C6PC5T5,Ek Sanam Chahiye Aashiqui Ke Liye (From Aashiqui),Dheere Dheere Se - The Era Of Kumar Sanu,Kumar Sanu,10/17/2018,372693,52,31xenvtkitu6a356z43dlsw7xrwm,2025-02-22T13:21:00Z,"bollywood,hindi pop",T-Series,0.36,0.697,0,-8.213,1,0.0442,0.846,0.0225,0.173,0.634,150.962,3
5ym3woyJq2177LnpTUwBoy,Dil Deewana,Maine Pyar Kiya,S. P. Balasubrahmanyam,12/29/1989,321381,46,31xenvtkitu6a356z43dlsw7xrwm,2025-02-22T13:21:24Z,"kannada pop,telugu pop,tamil pop,devotional,tollywood,sandalwood,kollywood",Saregama,0.476,0.603,8,-6.16,1,0.0323,0.831,0.0000195,0.0878,0.555,82.055,4
6jsh1e9MRqbfy8tI38f71k,Wada Karo - From Aa Gale Lag Jaa,"The Golden Years, Vol. 1","Kishore Kumar,Lata Mangeshkar,R. D. Burman",1/1/2013,311266,37,31xenvtkitu6a356z43dlsw7xrwm,2025-02-22T13:22:29Z,"bangla pop,ghazal,hindi pop,bollywood,bhajan,marathi pop",Universal Music India Pvt Ltd.,0.374,0.66,7,-6.223,0,0.0401,0.764,0.00000755,0.486,0.525,87.394,4
00KSN0qtGSeYX9qFClCEcg,Tum Dil Ki Dhadkan Mein (From Dhadkan),Sensational Duets (Abhijeet & Alka Yagnik),Abhijeet,7/1/2016,351425,58,31xenvtkitu6a356z43dlsw7xrwm,2025-02-22T13:22:43Z,"bollywood,hindi pop",Ishtar Music Pvt. Ltd.,0.365,0.449,0,-13.516,1,0.0356,0.662,0.00000246,0.153,0.556,103.643,1
23ChXkvEEjCa2V3BcD8e9N,Jhilmil Sitaron Ka Angan Hoga,"Baarishein, Chai Aur Rafi","Lata Mangeshkar,Mohammed Rafi",7/12/2023,328693,33,31xenvtkitu6a356z43dlsw7xrwm,2025-02-22T13:23:01Z,"ghazal,bollywood,bhajan,hindi pop,marathi pop",Saregama India Ltd,0.354,0.616,7,-11.288,1,0.0888,0.81,0.425,0.657,0.599,143.769,4
6XHGdm4kC51tydnWaUqtZi,Kaun Disha Mein Leke Chala,Nadiya Ke Paar,"Jaspal Singh,Hemlata",1/1/1982,412080,54,31xenvtkitu6a356z43dlsw7xrwm,2025-02-22T13:23:16Z,"bhajan,bhojiwood,devotional,bhojpuri pop,ghazal",Saregama,0.452,0.528,7,-10.405,0,0.0515,0.648,0,0.164,0.752,88.92,4
6yTtUUlsBXN9h9ZxTxGWMS,Bahut Pyar Karte Hai - Male Version,Saajan (Original Motion Picture Soundtrack),S. P. Balasubrahmanyam,6/20/1993,185400,48,31xenvtkitu6a356z43dlsw7xrwm,2025-02-22T13:25:38Z,"kannada pop,telugu pop,tamil pop,devotional,tollywood,sandalwood,kollywood",Ishtar Music Pvt. Ltd.,0.505,0.518,4,-12.073,0,0.0328,0.229,0,0.17,0.751,123.8,4
5LrCiTYu4iTjgUXM758Igj,Hai Apna Dil To Aawara (Happy),"Baarishein, Chai Aur Hemant Kumar",Hemant Kumar,7/12/2023,261825,52,31xenvtkitu6a356z43dlsw7xrwm,2025-02-22T13:25:56Z,"bangla pop,ghazal,marathi pop",Saregama India Ltd,0.605,0.469,6,-10.606,1,0.0571,0.572,0.000948,0.59,0.934,110.457,4
1dSJi0zXKYtW37Fm6M5bJV,Kitna Pyara Wada Hai,#HumForLataDidi,"Lata Mangeshkar,Mohammed Rafi",2/3/2023,313933,41,31xenvtkitu6a356z43dlsw7xrwm,2025-02-22T13:26:41Z,"ghazal,bollywood,bhajan,hindi pop,marathi pop",Saregama,0.38,0.593,6,-6.657,1,0.0417,0.842,0.000529,0.774,0.688,92.239,4
7n278iHoD21kun2OymTABC,Tumse Milne Ki Tamanna Hai,Saajan (Original Motion Picture Soundtrack),S. P. Balasubrahmanyam,6/20/1993,329986,57,31xenvtkitu6a356z43dlsw7xrwm,2025-02-22T13:27:27Z,"kannada pop,telugu pop,tamil pop,devotional,tollywood,sandalwood,kollywood",Ishtar Music Pvt. Ltd.,0.532,0.779,9,-11.326,0,0.0622,0.241,0,0.154,0.671,119.735,4
4wTCkMHovw8OQ9xs3sjaWM,Jeena Nahi,Tezaab,"Amit Kumar,Anuradha Paudwal",6/10/1988,477226,52,31xenvtkitu6a356z43dlsw7xrwm,2025-02-22T13:27:48Z,"bollywood,bhajan,devotional,marathi pop,ghazal,hindi pop",T-Series,0.432,0.557,10,-10.139,0,0.0335,0.863,0.00857,0.288,0.534,103.32,4
41o3yT1TB8lnwzk3Ne5SSw,"O Jaana Na Jaana, Pt. 1",Jab Pyaar Kisise Hota Hai (Original Motion Picture Soundtrack),"Kumar Sanu,Lata Mangeshkar",5/22/1998,263920,47,31xenvtkitu6a356z43dlsw7xrwm,2025-02-22T13:28:28Z,"bollywood,hindi pop,ghazal,bhajan,marathi pop",Tips Industries Ltd,0.613,0.709,0,-9.954,1,0.0541,0.213,0.0000108,0.134,0.759,128.128,4
6DuEwqeZzkPJlczCKPq1VD,Chup Gaye Sare Nazare,Do Raaste,"Lata Mangeshkar,Mohammed Rafi,Laxmikant–Pyarelal",12/5/1969,329274,46,31xenvtkitu6a356z43dlsw7xrwm,2025-02-22T13:29:43Z,"ghazal,bollywood,bhajan,hindi pop,marathi pop",Saregama,0.395,0.547,3,-9.1,0,0.0931,0.956,0.0395,0.119,0.588,80.219,4
1mEDFnDvKoZo6zlv0CKex0,Sun Sahiba Sun,Lata Surili Phuljhadi,Lata Mangeshkar,10/26/2021,314645,41,31xenvtkitu6a356z43dlsw7xrwm,2025-02-22T13:30:11Z,"ghazal,bollywood,bhajan,hindi pop,marathi pop",Saregama,0.493,0.701,5,-8.692,0,0.133,0.679,0.00000105,0.119,0.688,150.395,4
2zGiBYiOIbioKAJgV3D2TZ,Aaj Phir Tum Pe,Dayavan,"Pankaj Udhas,Anuradha Paudwal",3/7/1988,398760,52,31xenvtkitu6a356z43dlsw7xrwm,2025-02-22T13:30:30Z,"ghazal,qawwali,sufi,bhajan,devotional,marathi pop,bollywood,hindi pop",T-Series,0.436,0.619,10,-11.49,0,0.0528,0.739,0.0000194,0.0695,0.668,87.631,4
5Vt4qgWAcw41cnsHaDwlE2,Dafli Wale Dafli Baja,Sargam,"Lata Mangeshkar,Mohammed Rafi,Laxmikant–Pyarelal",1/8/1979,315986,43,31xenvtkitu6a356z43dlsw7xrwm,2025-02-22T13:31:07Z,"ghazal,bollywood,bhajan,hindi pop,marathi pop",Saregama,0.454,0.549,11,-11.863,0,0.0683,0.813,0.0000325,0.19,0.458,115.79,4
6ChgSkEDHeHrr1Jig4lMOG,Janam Janam Ka Saath Hai - From Bheegi Palken,Audiobiography,"Mohammed Rafi,Lata Mangeshkar",1/1/2012,241426,43,31xenvtkitu6a356z43dlsw7xrwm,2025-02-22T13:33:03Z,"ghazal,hindi pop,bollywood,bhajan,marathi pop",Universal Music India Pvt Ltd.,0.369,0.745,9,-7.185,0,0.0587,0.475,0.0000299,0.392,0.835,154.018,4
7nfDhGnG2SfqYQmcmiUuFL,Kabhi Kabhi Mere Dil Mein (Duet),#HumForLataDidi,"Mukesh,Lata Mangeshkar",2/3/2023,298579,50,31xenvtkitu6a356z43dlsw7xrwm,2025-02-22T13:33:49Z,"ghazal,tamil dance,bollywood,bhajan,hindi pop,marathi pop",Saregama,0.502,0.315,4,-10.438,1,0.0318,0.979,0.000057,0.626,0.397,110.618,4
6oZca81sE6EFdB34cPSAxu,Jai Jai Shiv Shankar,Aap Ki Kasam,"Lata Mangeshkar,Kishore Kumar,R. D. Burman",4/17/1974,337133,42,31xenvtkitu6a356z43dlsw7xrwm,2025-02-22T13:34:16Z,"ghazal,bollywood,bhajan,hindi pop,marathi pop,bangla pop",Saregama,0.413,0.836,2,-8.656,0,0.143,0.479,0,0.349,0.707,108.319,4
4n5vaqluWQjCrKr4JLZIRh,Tere Dar Par Sanam - Male Version,Phir Teri Kahani Yaad Aayee (Original Motion Picture Soundtrack),Kumar Sanu,7/30/1993,368866,58,31xenvtkitu6a356z43dlsw7xrwm,2025-02-22T13:35:30Z,"bollywood,hindi pop",Tips Industries Ltd,0.51,0.44,2,-16.345,1,0.039,0.445,0.00000398,0.241,0.665,82.454,4
3BoU0KUeXBAkXaiDdVOBS1,Der Na Ho Jaye Kahin,Henna,"Lata Mangeshkar,Suresh Wadkar,Mohammad Sayeed,Farid Sabri,Satish",6/28/1991,501866,40,31xenvtkitu6a356z43dlsw7xrwm,2025-02-22T13:35:55Z,"ghazal,bollywood,bhajan,hindi pop,marathi pop,devotional,qawwali",Saregama,0.296,0.916,7,-7.261,0,0.138,0.691,0.0000188,0.214,0.541,164.143,3
4v4wIJBIsNZedLRyFhpuBZ,Sawan Ka Mahina,Milan,"Lata Mangeshkar,Mukesh,Laxmikant–Pyarelal",1/1/1967,328800,42,31xenvtkitu6a356z43dlsw7xrwm,2025-02-22T13:41:17Z,"ghazal,bollywood,bhajan,hindi pop,marathi pop,tamil dance",Saregama,0.355,0.278,2,-13.566,1,0.0455,0.96,0.138,0.239,0.722,70.791,4
3aKIKkw9ZhN5BDsiFZHi3G,Chand Jaise Mukhde Pe,Sawan Ko Aane Do,K. J. Yesudas,12/31/1979,247373,39,31xenvtkitu6a356z43dlsw7xrwm,2025-02-22T13:41:36Z,"malayalam pop,devotional,mollywood,tamil pop",Saregama,0.464,0.391,6,-10.345,1,0.0376,0.884,0,0.118,0.527,89.043,4
7fzH38ofOIvZQwAQucwsKn,Kitni Bechain Hoke,Kasoor,"Alka Yagnik,Udit Narayan",2/2/2001,445120,57,31xenvtkitu6a356z43dlsw7xrwm,2025-02-22T13:42:58Z,"bollywood,hindi pop,desi",Saregama,0.583,0.814,6,-9.177,0,0.0616,0.491,0.00259,0.192,0.738,145.984,4
5OOCeCAdjJktp5byLSckoB,Zindagi Ban Gaye Ho Tum,Kasoor,"Alka Yagnik,Udit Narayan",2/2/2001,336973,51,31xenvtkitu6a356z43dlsw7xrwm,2025-02-22T13:50:37Z,"bollywood,hindi pop,desi",Saregama,0.363,0.797,5,-9.68,1,0.0577,0.596,0.00000753,0.168,0.735,77.67,4
5VpZiCaWHVuSOvFvxruT0J,Mere Mehboob Mere Sanam,Alka Yagnik Ke Nagme,"Udit Narayan,Alka Yagnik",3/1/2023,419498,48,31xenvtkitu6a356z43dlsw7xrwm,2025-02-22T13:50:44Z,"bollywood,hindi pop,desi",Saregama,0.743,0.657,2,-12.929,1,0.0891,0.0249,0,0.262,0.807,114.622,4
67JGYCzyz1TbT2tU1nplbs,Tauba Tumhare Ishare (From Chalte Chalte),Romantic Hits Of Abhijeet Bhattacharya,"Abhijeet,Alka Yagnik",2/4/2025,314374,46,31xenvtkitu6a356z43dlsw7xrwm,2025-02-22T13:50:52Z,"bollywood,hindi pop,desi",T-Series,0.496,0.849,4,-6.375,1,0.272,0.337,0.0000112,0.0607,0.68,123.92,5
13PBNcIOjxbNPeJHpygaCU,Ho Gaya Hai Tujhko To Pyar Sajna,Remembering Lata Mangeshkar,"Lata Mangeshkar,Udit Narayan",2/18/2022,347680,54,31xenvtkitu6a356z43dlsw7xrwm,2025-02-22T13:51:06Z,"ghazal,bollywood,bhajan,hindi pop,marathi pop,desi",Saregama,0.404,0.662,7,-8.606,0,0.059,0.547,0.0000299,0.346,0.507,100.195,4
6A5wFryRTfXaihsdLwA31C,Hai Mera Dil (From Josh),Bollywood Melody Queen (Alka Yagnik),"Alka Yagnik,Udit Narayan",7/1/2016,250920,44,31xenvtkitu6a356z43dlsw7xrwm,2025-02-22T13:51:23Z,"bollywood,hindi pop,desi",Ishtar Music Pvt. Ltd.,0.64,0.43,5,-11.982,0,0.0331,0.379,0.0000136,0.17,0.565,89.913,4
5sJjo5vHh3icLEntFQlt8w,Oodhni,Tere Naam,"Udit Narayan,Alka Yagnik",6/28/2003,413146,55,31xenvtkitu6a356z43dlsw7xrwm,2025-02-22T13:51:32Z,"bollywood,hindi pop,desi",T-Series,0.636,0.962,6,-6.491,1,0.137,0.228,0,0.0406,0.448,117.016,4
6QOe7Z5XO9ZhiCEFQ3wFRv,Hamne Tumko Dil Ye De Diya,Gunaah (Original Motion Picture Soundtrack),"Anand Raj Anand,Alka Yagnik,Babul Supriyo",7/22/2002,322693,51,31xenvtkitu6a356z43dlsw7xrwm,2025-02-22T13:52:10Z,"bollywood,desi,hindi pop,bangla pop",Sony Music Entertainment India Pvt. Ltd.,0.487,0.737,9,-6.209,0,0.0898,0.361,0,0.206,0.316,83.203,4
3SdBm0UuDoEdx1fAQdPs3l,Tumse Milna,Tere Naam,"Udit Narayan,Alka Yagnik",6/28/2003,281426,54,31xenvtkitu6a356z43dlsw7xrwm,2025-02-22T13:54:23Z,"bollywood,hindi pop,desi",T-Series,0.572,0.733,0,-7.039,1,0.0462,0.598,0.0000633,0.0422,0.522,96.985,4
42OnkdXwkKo5NzkdOmvE75,Main Agar Saamne,Raaz (Original Motion Picture Soundtrack),"Abhijeet,Alka Yagnik",2/1/2002,346000,60,31xenvtkitu6a356z43dlsw7xrwm,2025-02-22T13:54:38Z,"bollywood,hindi pop,desi",Tips Industries Ltd,0.449,0.682,7,-9.665,0,0.0596,0.301,0,0.354,0.869,84.014,4
1o83qcfINXNdOsfUtjpYwC,Dekhne Walon Ne - From ''Chori Chori Chupke Chupke'',Udit Narayan Songs,"Udit Narayan,Alka Yagnik",5/21/2024,373175,48,31xenvtkitu6a356z43dlsw7xrwm,2025-02-22T13:54:45Z,"bollywood,hindi pop,desi",Universal Music India Pvt Ltd.,0.677,0.545,6,-9.321,0,0.0833,0.188,0.00000202,0.313,0.79,158.853,3
6E6UhpF6vV6Cu1VFbrlVM2,Mujhse Shaadi Karogi,Mujhse Shaadi Karogi,"Sonu Nigam,Udit Narayan,Sunidhi Chauhan",5/31/2004,326226,55,31xenvtkitu6a356z43dlsw7xrwm,2025-02-22T13:55:02Z,"kannada pop,bollywood,sandalwood,hindi pop,desi,marathi pop",T-Series,0.766,0.942,5,-6.757,1,0.0439,0.0348,0.000202,0.0973,0.797,127.033,4
7rlUYt3JTteF5OqEnx1UYf,Aapke Pyaar Mein Hum,Raaz (Original Motion Picture Soundtrack),Alka Yagnik,2/1/2002,328000,58,31xenvtkitu6a356z43dlsw7xrwm,2025-02-22T13:55:16Z,"bollywood,hindi pop,desi",Tips Industries Ltd,0.425,0.708,7,-9.813,0,0.0765,0.606,0.00000671,0.134,0.773,77.7,4
6NfXjIsNGXaRaDzdbdxY4m,Jo Bhi Kasmein,Raaz (Original Motion Picture Soundtrack),"Alka Yagnik,Udit Narayan",2/1/2002,339840,58,31xenvtkitu6a356z43dlsw7xrwm,2025-02-22T13:55:38Z,"bollywood,hindi pop,desi",Tips Industries Ltd,0.627,0.668,9,-10.134,0,0.0373,0.564,0,0.0617,0.732,108.042,4
6nDJIzi6BezsTcCdw8fmMg,Bin Tere Sanam (From Yaara Dildara),My Best Collection - Udit Narayan,"Udit Narayan,Kavita Krishnamurthy",7/1/2016,390560,55,31xenvtkitu6a356z43dlsw7xrwm,2025-02-22T13:56:30Z,"bollywood,hindi pop,desi,gujarati garba,bhajan",Ishtar Music Pvt. Ltd.,0.627,0.838,2,-8.168,1,0.0406,0.22,0.00000899,0.122,0.728,138.856,4
5pspaMyBeIoBcETsdngBEN,Gali Mein Chand (Happy),Alka Yagnik Ke Nagme,Alka Yagnik,3/1/2023,309413,48,31xenvtkitu6a356z43dlsw7xrwm,2025-02-22T13:56:44Z,"bollywood,hindi pop,desi",Saregama,0.427,0.402,2,-12.541,1,0.0462,0.763,0.00000231,0.487,0.624,103.379,4
1UX7QDKvVdpjveemNi0yeP,Suno Na Suno Na (From Chalte Chalte),Romantic Hits Of Abhijeet Bhattacharya,Abhijeet,2/4/2025,319297,48,31xenvtkitu6a356z43dlsw7xrwm,2025-02-22T13:57:03Z,"bollywood,hindi pop",T-Series,0.585,0.626,9,-9.912,1,0.0365,0.0709,0,0.102,0.417,87.996,4
2Cy0T0n18rleVVr2O5BIWA,Kyon Ki Itna Pyar,Kyon Ki - It's Fate,"Udit Narayan,Alka Yagnik",9/16/2005,356480,50,31xenvtkitu6a356z43dlsw7xrwm,2025-02-22T13:57:11Z,"bollywood,hindi pop,desi",T-Series,0.602,0.819,2,-5.43,0,0.0929,0.468,0,0.1,0.429,82.027,4
4Du3Yk9GA6GSq9XuEACqDx,Tere Naam (From Tere Naam),Best Of Udit Narayan,"Udit Narayan,Alka Yagnik",1/4/2025,393706,40,31xenvtkitu6a356z43dlsw7xrwm,2025-02-22T13:57:19Z,"bollywood,hindi pop,desi",T-Series,0.489,0.767,4,-8.309,1,0.138,0.645,0.000483,0.108,0.558,175.878,4
66eUlx0WYK1Jc56bIinkF9,Kitna Pyaara Hai,Raaz (Original Motion Picture Soundtrack),"Alka Yagnik,Udit Narayan",2/1/2002,261000,51,31xenvtkitu6a356z43dlsw7xrwm,2025-02-22T13:57:26Z,"bollywood,hindi pop,desi",Tips Industries Ltd,0.591,0.828,7,-10.309,0,0.0539,0.138,0.00000138,0.323,0.881,89.981,4
3WQyg3aakTMchXSeBnstLi,Rab Kare,Mujhse Shaadi Karogi,"Udit Narayan,Alka Yagnik",5/31/2004,259880,50,31xenvtkitu6a356z43dlsw7xrwm,2025-02-22T13:58:09Z,"bollywood,hindi pop,desi",T-Series,0.397,0.8,5,-5.583,1,0.104,0.405,0.0000061,0.217,0.888,83.377,4
3S1QFVKNJkQwo0IWfCdQ5k,Aksar Is Duniya Mein (From Dhadkan),Bollywood Actresses,Alka Yagnik,4/25/2016,342935,42,31xenvtkitu6a356z43dlsw7xrwm,2025-02-22T13:58:31Z,"bollywood,hindi pop,desi",Ishtar Music Pvt. Ltd.,0.749,0.728,7,-11.971,0,0.0326,0.312,0.00000896,0.075,0.949,98.958,4
1fAcwdvJs9WqzimQR6wOJ7,Chalte Chalte,Chalte Chalte,"Abhijeet,Alka Yagnik",5/3/2003,327400,54,31xenvtkitu6a356z43dlsw7xrwm,2025-02-22T14:04:48Z,"bollywood,hindi pop,desi",T-Series,0.653,0.408,5,-15.68,1,0.087,0.655,0.0000503,0.1,0.672,94.836,4
0qPXI4a94jSGFBu4VKxwWQ,Hum Yaar Hai Tumhare,Haan Maine Bhi Pyaar Kiya (Original Motion Picture Soundtrack),"Udit Narayan,Alka Yagnik",12/29/2002,434840,51,31xenvtkitu6a356z43dlsw7xrwm,2025-02-22T14:04:59Z,"bollywood,hindi pop,desi",Tips Industries Ltd,0.383,0.901,9,-4.863,0,0.127,0.538,0,0.124,0.541,153.577,4
5ummN9fcldAR6m7qRbdStH,Hum Nahin (From Hungama),Sensational Duets (Abhijeet & Alka Yagnik),"Abhijeet,Alka Yagnik,Sonu Nigam",7/1/2016,361012,37,31xenvtkitu6a356z43dlsw7xrwm,2025-02-22T14:05:09Z,"bollywood,hindi pop,desi,kannada pop,sandalwood,marathi pop",Ishtar Music Pvt. Ltd.,0.755,0.628,6,-10.072,0,0.128,0.153,0.00000358,0.206,0.725,98.017,4
18AId3X5GULxDCCjyRTCIQ,Chunnari Chunnari,Biwi No. 1 (Original Motion Picture Soundtrack),"Abhijeet,Anuradha Sriram",5/28/1999,335000,63,31xenvtkitu6a356z43dlsw7xrwm,2025-02-22T14:07:40Z,"bollywood,hindi pop,tamil dance,tamil pop,kannada pop,kollywood",Tips Industries Ltd,0.756,0.716,6,-9.176,1,0.0678,0.208,0.0000189,0.0599,0.757,119.935,4
2JWFJyZvXVr8gr1LT3BiVK,Oh Lala Re,Tarzan The Wonder Car (Original Motion Picture Soundtrack),"Himesh Reshammiya,Sameer Anjaan,Krishnakumar Kunnath,Alka Yagnik",5/26/2022,317120,46,31xenvtkitu6a356z43dlsw7xrwm,2025-02-22T14:10:34Z,"bollywood,hindi pop,desi,tamil dance,tamil pop,kollywood",Divo Tv Private Limited,0.741,0.604,9,-14.7,1,0.0544,0.138,0.000102,0.0154,0.702,101.98,4
4LZqDoUWtucJKSIMVjpKbb,Mere Khwabon Mein,Lata Surili Phuljhadi,Lata Mangeshkar,10/26/2021,256440,58,31xenvtkitu6a356z43dlsw7xrwm,2025-02-22T14:10:46Z,"ghazal,bollywood,bhajan,hindi pop,marathi pop",Saregama,0.621,0.512,7,-11.074,0,0.0547,0.634,0,0.0803,0.926,114.802,4
5qG6jYnBmGMdKS1WiZBgj5,Hum to Deewane Huye (From Baadshah),Sensational Duets (Abhijeet & Alka Yagnik),Abhijeet,7/1/2016,420466,57,31xenvtkitu6a356z43dlsw7xrwm,2025-02-22T14:10:51Z,"bollywood,hindi pop",Ishtar Music Pvt. Ltd.,0.641,0.5,4,-13.234,1,0.0608,0.23,0,0.0656,0.805,85.96,4
0bboA3wd14m1KN28pm2FAZ,Kyaa Dil Ne Kahaa,Kyaa Dil Ne Kahaa (Original Motion Picture Soundtrack),"Himesh Reshammiya,Udit Narayan,Alka Yagnik",4/20/2002,302840,48,31xenvtkitu6a356z43dlsw7xrwm,2025-02-22T14:11:23Z,"bollywood,hindi pop,desi",Sony Music Entertainment India Pvt. Ltd.,0.459,0.783,10,-6.164,0,0.0814,0.675,0,0.107,0.76,172.153,4
2gcxE9tLP1pAnK5Np1MVKp,Aankhon Mein Base Ho Tum - Male Version,Takkar (Original Motion Picture Soundtrack),"Abhijeet Bhattacharya,Alka Yagnik",7/25/1995,335026,50,31xenvtkitu6a356z43dlsw7xrwm,2025-02-22T14:11:39Z,"bollywood,hindi pop,desi",Tips Industries Ltd,0.706,0.722,11,-10.914,0,0.0449,0.141,0.000272,0.347,0.793,100.724,4
5LvzYAKvDEKqoJT1TcsJtR,Meri Tarah Tum Bhi,Kya Yehi Pyaar Hai (Original Motion Picture Soundtrack),"Alka Yagnik,Babul Supriyo",3/22/2002,298840,43,31xenvtkitu6a356z43dlsw7xrwm,2025-02-22T14:14:27Z,"bollywood,hindi pop,desi,bangla pop",Tips Industries Ltd,0.585,0.676,6,-7.261,0,0.0356,0.384,0,0.124,0.853,82.944,4
0dUbhFM18NyBDDpiktEQLk,Ae Mere Humsafar,Qayamat Se Qayamat Tak,"Alka Yagnik,Udit Narayan",1/4/1988,355840,60,31xenvtkitu6a356z43dlsw7xrwm,2025-02-22T14:14:38Z,"bollywood,hindi pop,desi",T-Series,0.436,0.499,7,-12.909,0,0.0356,0.499,0.0000501,0.308,0.551,103.104,4
0MOJU1KKbcDTgkdUtLs8G3,Aaye Ho Meri Zindagi Mein - Female Version,Raja Hindustani (Original Motion Picture Soundtrack),Alka Yagnik,11/15/1996,363333,58,31xenvtkitu6a356z43dlsw7xrwm,2025-02-22T14:14:49Z,"bollywood,hindi pop,desi",Tips Industries Ltd,0.565,0.754,8,-11.636,0,0.0344,0.678,0.0442,0.0756,0.922,135.01,3
34y1d4i8uru6aQSWd8ewPT,Tumse Milne Ko Dil,Phool Aur Kaante (Original Motion Picture Soundtrack),"Alka Yagnik,Kumar Sanu",11/22/1991,300400,57,31xenvtkitu6a356z43dlsw7xrwm,2025-02-22T14:15:01Z,"bollywood,hindi pop,desi",Tips Industries Ltd,0.529,0.814,1,-9.237,0,0.0706,0.766,0.00000192,0.311,0.765,138.833,3
01bXxpjsD4ARa6ZOP8dmLY,Pardesi Pardesi,Raja Hindustani (Original Motion Picture Soundtrack),"Udit Narayan,Alka Yagnik,Sapna Awasthi",11/15/1996,448333,56,31xenvtkitu6a356z43dlsw7xrwm,2025-02-22T14:15:38Z,"bollywood,hindi pop,desi,bhajan",Tips Industries Ltd,0.507,0.794,1,-11.153,1,0.0429,0.51,0.000234,0.344,0.932,91.798,4
53cmwxILNjwInyENUZlpoY,Palki Pe Hoke,Khal Nayak (Original Motion Picture Soundtrack),Alka Yagnik,6/15/1993,547973,43,31xenvtkitu6a356z43dlsw7xrwm,2025-02-22T14:16:12Z,"bollywood,hindi pop,desi",Tips Industries Ltd,0.512,0.825,6,-8.411,1,0.219,0.621,0.00000779,0.218,0.875,96.085,4
3YOWyqQrUPaVn0jxUFqYZb,Akele Hain To Kya Gam Hai,Qayamat Se Qayamat Tak,"Alka Yagnik,Udit Narayan",1/4/1988,357786,49,31xenvtkitu6a356z43dlsw7xrwm,2025-02-22T14:17:27Z,"bollywood,hindi pop,desi",T-Series,0.398,0.355,4,-12.434,0,0.0305,0.512,0.0000409,0.146,0.634,143.147,4
3FrY3M9izNqPZRWuBAqDFM,Dil Keh Reha Ha,Kyon Ki - It's Fate,Kunal Ganjawala,9/16/2005,305906,53,31xenvtkitu6a356z43dlsw7xrwm,2025-02-22T14:17:56Z,"kannada pop,marathi pop,bangla pop,bollywood,sandalwood",T-Series,0.721,0.617,6,-7.951,1,0.0503,0.139,0.0000629,0.108,0.354,99.999,4
5doN1AbRIHIgpGMtRAjqRn,Mera Dil Bhi Kitna Pagal Hai (From Saajan),"Bollywood Music - Kumar Sanu At His Best, Vol. 2","Kumar Sanu,Alka Yagnik",7/1/2016,324893,51,31xenvtkitu6a356z43dlsw7xrwm,2025-02-22T14:18:06Z,"bollywood,hindi pop,desi",Ishtar Music Pvt. Ltd.,0.474,0.498,8,-10.146,1,0.0301,0.725,0,0.0852,0.76,100.936,4
3OAFzjwWionh8OfM4kgf2R,Main Yahaan Hoon,Veer - Zaara,"Madan Mohan,Udit Narayan,Javed Akhtar",9/18/2004,295157,62,31xenvtkitu6a356z43dlsw7xrwm,2025-02-22T14:18:20Z,"bollywood,sufi,qawwali,hindi pop,desi",YRF Music,0.484,0.788,4,-7.625,0,0.0565,0.69,0.0132,0.0939,0.741,171.973,4
4NAM8AbGxIkzUWlTojNBzI,Kahin Mujhe Pyar Hua Toh Nahin,Rang (Original Motion Picture Soundtrack),"Alka Yagnik,Kumar Sanu",7/9/1993,423986,55,31xenvtkitu6a356z43dlsw7xrwm,2025-02-22T14:18:31Z,"bollywood,hindi pop,desi",Tips Industries Ltd,0.444,0.714,7,-7.362,1,0.0387,0.787,0.00768,0.568,0.752,83.98,4
5B29YNjG7dx0GfU19ZBEpo,Dekha Ek Khwab,Silsila,"Lata Mangeshkar,Kishore Kumar",7/29/1981,320733,56,31xenvtkitu6a356z43dlsw7xrwm,2025-02-22T14:19:00Z,"ghazal,bollywood,bhajan,hindi pop,marathi pop,bangla pop",Saregama,0.367,0.299,4,-14.557,1,0.0597,0.941,0.00402,0.423,0.383,147.363,3
2TFQJcS4LnIe5HBHCsL3WM,Bheegi Bheegi Raaton Mein,Remembering Lata Mangeshkar,"Lata Mangeshkar,Kishore Kumar",2/18/2022,228960,49,31xenvtkitu6a356z43dlsw7xrwm,2025-02-22T14:19:09Z,"ghazal,bollywood,bhajan,hindi pop,marathi pop,bangla pop",Saregama,0.493,0.604,1,-7.304,0,0.0455,0.989,0.655,0.242,0.716,95.966,4
5ibcm9rBOWvHwtbr8IZQqP,Tere Bina Jiya Jaye Naa,Lata Surili Phuljhadi,Lata Mangeshkar,10/26/2021,346160,52,31xenvtkitu6a356z43dlsw7xrwm,2025-02-22T14:19:23Z,"ghazal,bollywood,bhajan,hindi pop,marathi pop",Saregama,0.459,0.376,0,-9.241,1,0.0336,0.725,0.00831,0.194,0.593,150.131,4
1QwVVMQ6AglyGK6CgRzkbz,Abhi to Mohabbat Ka (From Hum Ho Gaye Aap Ke),My Best Collection - Udit Narayan,"Udit Narayan,Alka Yagnik",7/1/2016,310266,44,31xenvtkitu6a356z43dlsw7xrwm,2025-02-22T14:19:32Z,"bollywood,hindi pop,desi",Ishtar Music Pvt. Ltd.,0.606,0.879,7,-7.713,1,0.0462,0.266,0.00000219,0.0466,0.887,153.927,4
16diSAD6yqoKpEoPI72mzC,Kasam Se (From Jaanwar),Musical Delight,"Udit Narayan,Alka Yagnik",7/1/2016,305373,38,31xenvtkitu6a356z43dlsw7xrwm,2025-02-22T14:19:40Z,"bollywood,hindi pop,desi",Ishtar Music Pvt. Ltd.,0.57,0.734,8,-9.937,1,0.0463,0.427,0,0.123,0.86,155.586,3
2owSWwaysG8maH8q702oCL,Mouka Milega to Hum (From Dilwale),My Best Collection - Udit Narayan,"Udit Narayan,Alka Yagnik",7/1/2016,332520,47,31xenvtkitu6a356z43dlsw7xrwm,2025-02-22T14:20:24Z,"bollywood,hindi pop,desi",Ishtar Music Pvt. Ltd.,0.263,0.837,9,-8.677,0,0.0639,0.705,0.0000402,0.0756,0.691,166.546,4
7lMUrlhhPK6sCE5SFH6oJ0,Paa Liya Hain Pyar Tera,Kyo Kii Main Jhuth Nahin Bolta,"Udit Narayan,Alka Yagnik",8/3/2001,292026,46,31xenvtkitu6a356z43dlsw7xrwm,2025-02-22T14:20:44Z,"bollywood,hindi pop,desi",T-Series,0.648,0.893,11,-4.893,0,0.277,0.306,0.000245,0.055,0.708,191.983,4
1Iq3EB6BKHyvOEph7dAFTd,Tum Se Achcha Kaun Hai Chand Tare Phool,Tum Se Achcha Kaun Hain (Original Motion Picture Soundtrack),Tauseef Akhtar,6/2/2002,304493,47,31xenvtkitu6a356z43dlsw7xrwm,2025-02-22T14:20:55Z,qawwali,Ishtar Music Pvt. Ltd.,0.637,0.897,6,-10.339,0,0.0409,0.265,0,0.0929,0.95,155.947,3
0akVYjguw7whkPqkhke0E3,Thoda Sa Pyar Hua Hai,Maine Dil Tujhko Diya,"Udit Narayan,Alka Yagnik",5/18/2002,292413,47,31xenvtkitu6a356z43dlsw7xrwm,2025-02-22T14:21:05Z,"bollywood,hindi pop,desi",T-Series,0.586,0.534,0,-12.18,1,0.0744,0.597,0.00000807,0.111,0.463,81.028,4
3kRtJZKQNkYuPrzTzNdWgC,Hamein Tumse Hua Pyar,Ab Tumhare Hawale Watan Sathiyo,"Udit Narayan,Alka Yagnik",9/18/2004,365426,47,31xenvtkitu6a356z43dlsw7xrwm,2025-02-22T14:21:47Z,"bollywood,hindi pop,desi",T-Series,0.646,0.885,8,-4.94,1,0.114,0.36,0.00000798,0.107,0.936,83.978,4
2dZF8vVZmdQeLZCqWJns0J,Dil Ne Yeh Kaha Hain Dil Se (From Dhadkan),Bollywood's Musical Extravaganza - Sonu Nigam & Sukhwinder Singh,"Sonu Nigam,Alka Yagnik",7/1/2016,347350,36,31xenvtkitu6a356z43dlsw7xrwm,2025-02-22T14:21:54Z,"kannada pop,bollywood,sandalwood,hindi pop,desi,marathi pop",Ishtar Music Pvt. Ltd.,0.618,0.569,6,-11.285,0,0.0828,0.447,0.00000623,0.0385,0.638,164.046,4
2NxH2xxK8nXQ313usuRRT1,Pyaar Se Pyar Hum,Raaz (Original Motion Picture Soundtrack),Abhijeet,2/1/2002,330000,46,31xenvtkitu6a356z43dlsw7xrwm,2025-02-22T14:22:01Z,"bollywood,hindi pop",Tips Industries Ltd,0.609,0.731,7,-10.17,0,0.0502,0.174,0,0.0869,0.881,79.038,4
5IK1ZffuWwaf6Ple3Kpy4l,Tune Zindagi Mein (Male Version) - From Humraaz,My Best Collection - Udit Narayan,Udit Narayan,7/1/2016,311240,41,31xenvtkitu6a356z43dlsw7xrwm,2025-02-22T14:22:57Z,"bollywood,hindi pop,desi",Ishtar Music Pvt. Ltd.,0.55,0.551,5,-12.021,0,0.0586,0.164,0.00000148,0.177,0.816,171.807,4
09dr5MErVJrjjO06JcTOjt,Subah Se Lekar (From Mohra),Melodious Voice of Sadhana Sargam,"Sadhana Sargam,Udit Narayan",7/1/2016,356226,40,31xenvtkitu6a356z43dlsw7xrwm,2025-02-22T14:23:41Z,"tamil pop,bollywood,bhajan,hindi pop,desi",Ishtar Music Pvt. Ltd.,0.719,0.679,11,-9.889,0,0.0361,0.581,0.0000555,0.0637,0.892,122.24,4
2Oy9hj2xlRA32ql4GTnWiF,Ishq Chunariya,Maine Pyaar Kyun Kiya,"Udit Narayan,Alka Yagnik",5/24/2005,312360,37,31xenvtkitu6a356z43dlsw7xrwm,2025-02-22T14:23:54Z,"bollywood,hindi pop,desi",T-Series,0.706,0.86,7,-4.955,0,0.0518,0.243,0.00000203,0.047,0.899,93.003,4
7xHpL7DdHMKPvWS7VTBLDL,Mausam,Jaanwar (Original Motion Picture Soundtrack),"Alka Yagnik,Manhar Udhas",11/10/1999,317960,51,31xenvtkitu6a356z43dlsw7xrwm,2025-02-22T14:24:00Z,"bollywood,hindi pop,desi,ghazal,gujarati pop,bhajan",Ishtar Music Pvt. Ltd.,0.66,0.771,11,-9.574,0,0.0416,0.253,0,0.665,0.876,125.2,4
4n9TK4lqYzI7aXKre3XK3P,Woh Tassavur Ka Aalam,Aitraaz (Original Motion Picture Soundtrack),"Udit Narayan,Alka Yagnik",11/12/2004,326120,42,31xenvtkitu6a356z43dlsw7xrwm,2025-02-22T14:24:09Z,"bollywood,hindi pop,desi",Tips Industries Ltd,0.678,0.692,5,-8.482,1,0.145,0.285,0.0000273,0.0587,0.465,94.985,4
1V62ONSNBBiuCe3uANKrxG,Yaar Badal Na Jaana,Talaash (Original Motion Picture Soundtrack),"Udit Narayan,Alka Yagnik",10/10/2002,323880,43,31xenvtkitu6a356z43dlsw7xrwm,2025-02-22T14:24:25Z,"bollywood,hindi pop,desi",Ishtar Music Pvt. Ltd.,0.67,0.758,0,-8.787,1,0.0362,0.554,0.0000145,0.22,0.932,89.998,4
1WYhfkTatD4wDkHXb8FkH9,Mohabbat Se,Gumnaam (Original Motion Picture Soundtrack),"Nadeem Shravan,Udit Narayan,Shreya Ghoshal",10/4/2004,310600,38,31xenvtkitu6a356z43dlsw7xrwm,2025-02-22T14:24:49Z,"bollywood,hindi pop,desi,kannada pop,marathi pop,sandalwood,bangla pop",Sony Music Entertainment India Pvt. Ltd.,0.591,0.682,5,-8.853,0,0.0599,0.17,0,0.731,0.84,74.954,4
3hAo3I7zO9THUtlFPWWXxc,Zara Dekh Mera Deewanapan,Footpath (Original Motion Picture Soundtrack),"Udit Narayan,Alka Yagnik",8/15/2003,286000,41,31xenvtkitu6a356z43dlsw7xrwm,2025-02-22T14:25:28Z,"bollywood,hindi pop,desi",Tips Industries Ltd,0.394,0.803,1,-6.34,0,0.0729,0.41,0,0.133,0.85,84.294,4
2NAhJ85p0q5HCyd82ZFvT2,Sajana Tere Pyar Mein,Kyaa Dil Ne Kahaa (Original Motion Picture Soundtrack),"Himesh Reshammiya,Udit Narayan,Alka Yagnik",4/20/2002,412333,38,31xenvtkitu6a356z43dlsw7xrwm,2025-02-22T14:26:28Z,"bollywood,hindi pop,desi",Sony Music Entertainment India Pvt. Ltd.,0.613,0.815,8,-7.795,1,0.213,0.615,0,0.0733,0.813,91.094,4
4kmCaiacvzs4Yj3NKo7vSq,Choodi Baji Hai (From Yes Boss),My Best Collection - Udit Narayan,"Udit Narayan,Alka Yagnik",7/1/2016,304875,39,31xenvtkitu6a356z43dlsw7xrwm,2025-02-22T14:27:07Z,"bollywood,hindi pop,desi",Ishtar Music Pvt. Ltd.,0.556,0.554,11,-13.089,1,0.0595,0.704,0.000102,0.191,0.768,97.443,4
3K5GgWtOwiBBLL4h3guKIE,Phool Maangu Na Bahaar Maangu,Raja (Original Motion Picture Soundtrack),"Alka Yagnik,Udit Narayan",6/23/1995,321360,51,31xenvtkitu6a356z43dlsw7xrwm,2025-02-22T14:29:25Z,"bollywood,hindi pop,desi",Tips Industries Ltd,0.571,0.752,2,-9.859,0,0.0396,0.552,0.0347,0.335,0.926,91.634,4
0UEhi88Vox7ZMViqg8TdLs,Tera Dil,Hungama (Original Motion Picture Soundtrack),"Udit Narayan,Alka Yagnik",5/22/2003,291346,37,31xenvtkitu6a356z43dlsw7xrwm,2025-02-22T14:30:46Z,"bollywood,hindi pop,desi",Ishtar Music Pvt. Ltd.,0.671,0.581,4,-8.58,0,0.045,0.306,0,0.0814,0.723,92.018,4
1fcRaVo8fC0ZXuvsJwEoS1,Chand Taron Mein,2 October (Original Motion Picture Soundtrack),Udit Narayan,2/10/2003,316146,34,31xenvtkitu6a356z43dlsw7xrwm,2025-02-22T14:31:33Z,"bollywood,hindi pop,desi",Revere Home Entertainment,0.61,0.773,0,-6.652,0,0.0704,0.435,0.0000134,0.205,0.757,142.154,4
0Ovq7sEhyXK3qVadXUmChS,Dekho Dekho Jaanam,Ishq (Original Motion Picture Soundtrack),"Udit Narayan,Alka Yagnik",8/3/2000,313533,44,31xenvtkitu6a356z43dlsw7xrwm,2025-02-22T14:31:52Z,"bollywood,hindi pop,desi",Sony Music Entertainment India Pvt. Ltd.,0.62,0.839,6,-7.367,0,0.265,0.347,0,0.268,0.762,171.627,4
4e8iAqN7mf3OAmZYnBzTKJ,Tu Mere Samne,#HumForLataDidi,"Lata Mangeshkar,Udit Narayan",2/3/2023,366573,49,31xenvtkitu6a356z43dlsw7xrwm,2025-02-22T14:32:13Z,"ghazal,bollywood,bhajan,hindi pop,marathi pop,desi",Saregama,0.462,0.405,7,-13.949,0,0.0349,0.733,0,0.238,0.631,102.46,4
5wsuKnXt4fFWuvc0SheB7y,Dil Ne Kar Liya,Humraaz (Original Motion Picture Soundtrack),"Udit Narayan,Alka Yagnik",5/6/2002,321666,34,31xenvtkitu6a356z43dlsw7xrwm,2025-02-22T14:32:22Z,"bollywood,hindi pop,desi",Ishtar Music Pvt. Ltd.,0.629,0.748,7,-11.528,0,0.165,0.281,0,0.0727,0.454,84,4
1ajndqsoDScbrXqyIYzfBl,Tu Kaun Kahan Se Aayi Hai,Dil Pardesi Ho Gayaa (Original Motion Picture Soundtrack),"Usha Khanna,Udit Narayan",10/10/2003,365946,43,31xenvtkitu6a356z43dlsw7xrwm,2025-02-22T14:33:10Z,"bollywood,hindi pop,desi",Sony Music Entertainment India Pvt. Ltd.,0.573,0.756,6,-6.645,0,0.0416,0.15,0.000655,0.0913,0.559,82.654,4
025Y9d4a1rtJcfB8XInzRc,Deewana Main Chala,Pyaar Kiya To Darna Kya,Udit Narayan,3/10/1998,330346,42,31xenvtkitu6a356z43dlsw7xrwm,2025-02-22T14:33:17Z,"bollywood,hindi pop,desi",T-Series,0.663,0.804,2,-6.98,1,0.0356,0.282,0.000299,0.224,0.943,108.074,4
7sSYkaAXRgnzoQYrGgrvlX,Yeh Hum Aa Gaye Hain Kahaan,Veer - Zaara,"Madan Mohan,Lata Mangeshkar,Udit Narayan,Javed Akhtar",9/18/2004,343066,49,31xenvtkitu6a356z43dlsw7xrwm,2025-02-22T14:33:31Z,"bollywood,sufi,qawwali,hindi pop,ghazal,bhajan,marathi pop,desi",YRF Music,0.48,0.753,5,-7.33,0,0.0454,0.347,0.000335,0.315,0.462,90.027,4
4JIeaxiMZWgGhxBonVhfJI,Waada Raha Sanam (With Jhankar Beats) [From Khiladi],Evergreen Romantic Songs (With Jhankar Beats),"Abhijeet,Alka Yagnik",9/14/2017,350119,31,31xenvtkitu6a356z43dlsw7xrwm,2025-02-22T14:33:45Z,"bollywood,hindi pop,desi",Ishtar Music Pvt. Ltd.,0.631,0.872,0,-4.677,1,0.0591,0.188,0.0000296,0.286,0.826,129.839,4
51wGpH0BKfx5KbGX8tvj4v,Aankhen Bandh Karke,Aitraaz (Original Motion Picture Soundtrack),"Udit Narayan,Alka Yagnik",11/12/2004,341133,41,31xenvtkitu6a356z43dlsw7xrwm,2025-02-22T14:33:57Z,"bollywood,hindi pop,desi",Tips Industries Ltd,0.663,0.765,10,-7.027,0,0.0414,0.155,0.00000663,0.205,0.499,89.981,4
58QnREXe1p6zWNPhZciPar,Aye Sahib Yeh Theek Nahin,Khal Nayak (Original Motion Picture Soundtrack),"Manhar Udhas,Alka Yagnik",6/15/1993,419000,40,31xenvtkitu6a356z43dlsw7xrwm,2025-02-22T14:34:14Z,"bollywood,hindi pop,desi",Tips Industries Ltd,0.434,0.715,9,-7.028,0,0.0632,0.787,0.00105,0.394,0.597,82.608,4
3DldztF6aZZatRQme8GP5o,Pari Pari,Hungama (Original Motion Picture Soundtrack),Babul Supriyo,5/22/2003,288453,36,31xenvtkitu6a356z43dlsw7xrwm,2025-02-22T14:34:29Z,"bangla pop,bollywood",Ishtar Music Pvt. Ltd.,0.652,0.612,8,-10.022,1,0.0391,0.171,0.00000827,0.0762,0.666,158.063,4
4eGvkvURACcS8kFqSCf0Ip,Ishq Hua Kaise Hua,Ishq (Original Motion Picture Soundtrack),"Udit Narayan,Vibha Sharma",8/3/2000,454666,51,31xenvtkitu6a356z43dlsw7xrwm,2025-02-22T14:34:35Z,"bollywood,hindi pop,desi",Sony Music Entertainment India Pvt. Ltd.,0.473,0.748,6,-6.227,0,0.069,0.56,0.000692,0.421,0.502,79.447,4
5ICBvfjsKihsn87MsvczQ6,Chudi Khankayi Re - From Yeh Hai Jalwa,Udit Narayan Old Songs,"Udit Narayan,Alka Yagnik",11/18/2024,327942,19,31xenvtkitu6a356z43dlsw7xrwm,2025-02-22T14:35:15Z,"bollywood,hindi pop,desi",Universal Music India Pvt Ltd.,0.733,0.792,1,-8.692,1,0.0436,0.141,0.0000121,0.049,0.964,113.023,4
7ni43tIyJ3xshl4b152ntL,Hum Tumhare Hain Sanam,Hum Tumhare Hain Sanam,"Anuradha Paudwal,Udit Narayan",1/19/2002,358066,48,31xenvtkitu6a356z43dlsw7xrwm,2025-02-22T14:35:35Z,"bhajan,devotional,marathi pop,ghazal,bollywood,hindi pop,desi",T-Series,0.567,0.81,4,-6.884,0,0.0619,0.761,0.00102,0.238,0.767,80.935,4
0ZXkQ89vKYXyodoYRPJrVm,Neend Kise Chain Kahan (From Zamaana Deewana),"Bollywood Music - Kumar Sanu At His Best, Vol. 1","Kumar Sanu,Alka Yagnik",7/1/2016,405986,40,31xenvtkitu6a356z43dlsw7xrwm,2025-02-22T14:36:07Z,"bollywood,hindi pop,desi",Ishtar Music Pvt. Ltd.,0.603,0.773,7,-8.702,0,0.0462,0.251,0.0000496,0.598,0.969,80.004,4
3qFQ0UGqCVRskvmjoZLfI0,Ye Mehadi Ke Boote,Humko Tumse Pyar Hai,"Udit Narayan,Alka Yagnik,Babul Supriyo",10/7/2005,386586,37,31xenvtkitu6a356z43dlsw7xrwm,2025-02-22T14:36:42Z,"bollywood,hindi pop,desi,bangla pop",T-Series,0.627,0.847,7,-7.387,1,0.105,0.166,0.0000219,0.0767,0.801,89.939,4
1o8MqUvBiDIXxof2TuuPSX,Kitna Pyaara Tujhe Rabne Banaya,Raja Hindustani (Original Motion Picture Soundtrack),"Alka Yagnik,Udit Narayan",11/15/1996,382000,56,31xenvtkitu6a356z43dlsw7xrwm,2025-02-22T14:36:56Z,"bollywood,hindi pop,desi",Tips Industries Ltd,0.368,0.695,2,-12.31,0,0.057,0.641,0.0000748,0.191,0.835,173.7,4
56DgHpq3uVb1ErpYGpbWG2,Deewana Main Tera Deewana,English Babu Desi Mem (Original Motion Picture Soundtrack),"Kumar Sanu,Alka Yagnik",1/26/1996,323693,46,31xenvtkitu6a356z43dlsw7xrwm,2025-02-22T14:37:20Z,"bollywood,hindi pop,desi",Tips Industries Ltd,0.441,0.733,8,-10.683,0,0.0383,0.683,0.0104,0.109,0.904,149.849,4
3DaK9NznMax9b45HJQ7jVt,Je Hum Tum Chori Se,Dharti Kahe Pukar Ke,"Lata Mangeshkar,Mukesh,Laxmikant–Pyarelal",1/1/1969,326912,33,31xenvtkitu6a356z43dlsw7xrwm,2025-02-22T14:38:02Z,"ghazal,bollywood,bhajan,hindi pop,marathi pop,tamil dance",Saregama,0.524,0.34,5,-7.016,1,0.0531,0.836,0,0.233,0.728,151.543,4
0p1UhsXBkohk6WjgbMtRKD,Deewane Tere Naam Ke,Saudagar,"Sukhwinder Singh,Laxmikant–Pyarelal",9/8/1991,253840,33,31xenvtkitu6a356z43dlsw7xrwm,2025-02-22T14:38:20Z,"bollywood,desi,hindi pop,ghazal,bhajan",Saregama,0.512,0.565,3,-12.169,1,0.0616,0.728,0,0.857,0.84,131.649,4
0fqF8Pfe5TKk9SISLS9ReR,Gori Tera Gaon Bada Pyara,Chitchor,K. J. Yesudas,12/20/1976,307560,36,31xenvtkitu6a356z43dlsw7xrwm,2025-02-25T15:51:09Z,"malayalam pop,devotional,mollywood,tamil pop",Saregama,0.452,0.686,2,-7.804,1,0.0361,0.813,0.000419,0.359,0.76,143.294,3
5tnXJDc6kX5JuPmYMMc7xN,Koi Tumsa Nahin (From Krrish),"Bollywood Best Duet Songs Sonu Nigam,Shreya Ghoshal","Sonu Nigam,Shreya Ghoshal",1/9/2025,375346,29,31xenvtkitu6a356z43dlsw7xrwm,2025-02-25T15:51:23Z,"kannada pop,bollywood,sandalwood,hindi pop,desi,marathi pop,bangla pop",T-Series,0.663,0.762,5,-4.095,1,0.0326,0.17,0.0000105,0.107,0.553,140.03,4
4vtT0OcJ8xyFHtGGmMfkKc,Aanewala Pal Janewala Hai,Gulzar Kishore,Kishore Kumar,8/18/2023,279386,50,31xenvtkitu6a356z43dlsw7xrwm,2025-02-25T15:51:55Z,"bangla pop,ghazal,hindi pop,bollywood",Saregama India Ltd,0.472,0.576,5,-7.958,1,0.0295,0.752,0.00332,0.179,0.593,107.17,4
6Bced39JHV3XanQlG76ZZL,Ek Dilruba Hai,Bewafaa (Original Motion Picture Soundtrack),Udit Narayan,2/25/2005,408840,52,31xenvtkitu6a356z43dlsw7xrwm,2025-02-26T06:27:48Z,"bollywood,hindi pop,desi",Tips Industries Ltd,0.76,0.565,5,-9.737,0,0.0489,0.239,0.00000235,0.102,0.758,126.016,4
6YPLPVo9jAj7SuA7vAioug,Hum Tum Pe Marte Hain,Hum Tumpe Marte Hain,"Lata Mangeshkar,Udit Narayan",8/7/1999,310826,42,31xenvtkitu6a356z43dlsw7xrwm,2025-02-26T07:26:52Z,"ghazal,bollywood,bhajan,hindi pop,marathi pop,desi",T-Series,0.678,0.664,6,-10.679,0,0.0557,0.614,0.0000462,0.414,0.766,154.554,4
43pAU732RtAP2nsovU6n1K,Tum Kya Mile Jaane Jaan,Saatwan Aasman (Original Motion Picture Soundtrack),"Lata Mangeshkar,Udit Narayan",7/4/1992,264840,40,31xenvtkitu6a356z43dlsw7xrwm,2025-02-26T07:27:24Z,"ghazal,bollywood,bhajan,hindi pop,marathi pop,desi",Tips Industries Ltd,0.468,0.721,5,-5.814,1,0.0504,0.707,0.0000267,0.107,0.57,161.208,4
3eqliprEfFbQv7tSYxAmnQ,Mere Pyar Ki Umar Ho Itnee Sanam,Waaris,"Lata Mangeshkar,Manmohan Singh",9/12/1987,380533,44,31xenvtkitu6a356z43dlsw7xrwm,2025-02-26T07:29:38Z,"ghazal,bollywood,bhajan,hindi pop,marathi pop",T-Series,0.432,0.341,10,-13.099,1,0.0469,0.839,0.00000235,0.0918,0.739,81.507,4
5HdTSGRZXw2kufK4vedEGI,Dil Dil,Ishq Hai Tumse (Original Motion Picture Soundtrack),"Himesh Reshammiya,Udit Narayan,Alka Yagnik",9/1/2003,358720,35,31xenvtkitu6a356z43dlsw7xrwm,2025-02-26T07:35:55Z,"bollywood,hindi pop,desi",Sony Music Entertainment India Pvt. Ltd.,0.546,0.743,7,-6.715,0,0.212,0.42,0.00000915,0.537,0.64,180.085,4
1evMGNQ6lFIqzi0IVPsl3p,Ishq Hai Zindagi,Ishq Hai Tumse (Original Motion Picture Soundtrack),"Himesh Reshammiya,Udit Narayan,Alka Yagnik,Vinod Rathod",9/1/2003,419373,34,31xenvtkitu6a356z43dlsw7xrwm,2025-02-26T07:39:22Z,"bollywood,hindi pop,desi,gujarati garba",Sony Music Entertainment India Pvt. Ltd.,0.582,0.93,7,-5.217,0,0.126,0.324,0,0.623,0.864,93.27,4
6YNCSxHJM9N1upLjBzlqyi,Na Na Karte Pyar (From Dhadkan),Musical Delight,"Udit Narayan,Alka Yagnik",7/1/2016,396538,37,31xenvtkitu6a356z43dlsw7xrwm,2025-02-26T07:40:26Z,"bollywood,hindi pop,desi",Ishtar Music Pvt. Ltd.,0.668,0.846,6,-10.117,1,0.0585,0.167,0.00000325,0.448,0.699,128.835,4
2iQpuz0H4yTzTvYW1xF3d1,O Soniya,Ishq Hai Tumse (Original Motion Picture Soundtrack),"Himesh Reshammiya,Udit Narayan,Alka Yagnik",9/1/2003,272360,42,31xenvtkitu6a356z43dlsw7xrwm,2025-02-26T07:49:12Z,"bollywood,hindi pop,desi",Sony Music Entertainment India Pvt. Ltd.,0.728,0.639,6,-6.231,1,0.0742,0.086,0,0.0596,0.789,97.046,4
7HjTSwnmkm6Q93H6MlTLB5,Koyal Si Teri Boli,Beta,"Anuradha Paudwal,Udit Narayan",11/28/1991,338840,51,31xenvtkitu6a356z43dlsw7xrwm,2025-02-26T07:57:24Z,"bhajan,devotional,marathi pop,ghazal,bollywood,hindi pop,desi",T-Series,0.687,0.45,0,-10.871,0,0.128,0.799,0.0000137,0.411,0.934,76.17,4
3qbSubaQIBgUM13S7kzWOd,Kisi Din Banoongi Main,Raja (Original Motion Picture Soundtrack),"Alka Yagnik,Udit Narayan",6/23/1995,438040,55,31xenvtkitu6a356z43dlsw7xrwm,2025-02-26T07:57:39Z,"bollywood,hindi pop,desi",Tips Industries Ltd,0.515,0.704,7,-9.627,0,0.0406,0.747,0.00265,0.349,0.898,89.052,4
0fg3tcKxZiPI6n5dZa8Dy9,Bahut Jatate Ho Pyar (From Aadmi Khilona Hai),Bollywood Melody Queen (Alka Yagnik),"Alka Yagnik,Mohammed Aziz",7/1/2016,436333,49,31xenvtkitu6a356z43dlsw7xrwm,2025-02-26T07:59:39Z,"bollywood,hindi pop,desi,bhajan",Ishtar Music Pvt. Ltd.,0.594,0.611,5,-10.574,1,0.0319,0.766,0.0116,0.147,0.907,133.075,4
7i1KXEFjxHSeti2WHBV9o5,Humko Tumse Pyaar Hai,Humko Tumse Pyar Hai,"Kumar Sanu,Alka Yagnik,Anand Raj Anand",10/7/2005,350466,43,31xenvtkitu6a356z43dlsw7xrwm,2025-02-26T08:00:32Z,"bollywood,hindi pop,desi",T-Series,0.56,0.831,6,-6.316,0,0.065,0.111,0.00000209,0.0621,0.762,85.975,4
5OGGLFWdNAh5cpxMLARj4x,Jiska Mujhe Tha Intezar,Don,"Lata Mangeshkar,Kishore Kumar,Kalyanji-Anandji",4/20/1978,261213,46,31xenvtkitu6a356z43dlsw7xrwm,2025-02-26T08:01:36Z,"ghazal,bollywood,bhajan,hindi pop,marathi pop,bangla pop",Saregama,0.462,0.675,9,-7.096,0,0.0461,0.627,0.00000128,0.115,0.685,100.663,4
4v0kLM1SgA5G8O8CcyR5fI,Aap Ke Karib,Saajan Ki Baahon Mein (Original Motion Picture Soundtrack),"Kumar Sanu,Sadhana Sargam",9/2/1994,419173,20,31xenvtkitu6a356z43dlsw7xrwm,2025-02-26T08:04:13Z,"bollywood,hindi pop,tamil pop,bhajan",Ishtar Music Pvt. Ltd.,0.486,0.76,4,-9.923,1,0.0432,0.634,0.0111,0.623,0.933,82.953,4
76rnuvBT4eDYJb3KsN4iQx,Jeena Sirf Merre Liye,Jeena Sirf Mere Liye (Original Motion Picture Soundtrack),"Alka Yagnik,Babul Supriyo,Kavita Krishnamurthy",11/1/2002,337186,34,31xenvtkitu6a356z43dlsw7xrwm,2025-02-26T09:04:31Z,"bollywood,hindi pop,desi,bangla pop,gujarati garba,bhajan",Revere Home Entertainment,0.583,0.769,4,-5.684,0,0.0363,0.27,0.0000207,0.318,0.763,101.001,4
4nH4oYezpN88L3tS7oHB7G,Tare Hain Barati,Virasat,"Kumar Sanu,Jaspinder Narula",5/30/1997,392506,49,31xenvtkitu6a356z43dlsw7xrwm,2025-02-26T09:09:41Z,"bollywood,hindi pop",Saregama,0.615,0.568,4,-9.876,1,0.0337,0.102,0.00136,0.481,0.416,129.979,4
50ni0N31BObNW7IVbPnLwT,Dhire Dhire Aap Mere,Baazi,"Udit Narayan,Sadhana Sargam",4/13/1995,341958,52,31xenvtkitu6a356z43dlsw7xrwm,2025-02-26T09:16:20Z,"bollywood,hindi pop,desi,tamil pop,bhajan",Shemaroo Entertainment Ltd.,0.646,0.781,2,-6.613,1,0.0341,0.17,0.0000838,0.539,0.816,97.62,4
6Ty2PftKTdV0dkIILRUnRz,Uljhi Hai Yeh Kis Jaal Mein Tu - Humko Aajkal Hai Intezaar,Sailaab,Anupama,8/31/1990,487893,53,31xenvtkitu6a356z43dlsw7xrwm,2025-02-26T16:33:47Z,"marathi pop,bhajan",Saregama,0.548,0.807,2,-10.181,1,0.0939,0.537,0.00347,0.0504,0.434,96.062,3
1CljcFs9C5K3V7esJYGTTu,Tumse Milkar Na Jane,Pyar Jhukta Nahin,"Lata Mangeshkar,Shabbir Kumar",10/11/1985,412337,47,31xenvtkitu6a356z43dlsw7xrwm,2025-02-26T16:35:45Z,"ghazal,bollywood,bhajan,hindi pop,marathi pop,bhojiwood",T-Series,0.37,0.54,1,-9.553,1,0.0378,0.953,0.593,0.594,0.731,102.032,4
6RqqhR63dMY58th6g1KL3Z,Tumhein Dekhen Meri Aankhen,Rang (Original Motion Picture Soundtrack),"Alka Yagnik,P Sunanda,Kumar Sanu",7/9/1993,410013,46,31xenvtkitu6a356z43dlsw7xrwm,2025-02-26T16:36:27Z,"bollywood,hindi pop,desi",Tips Industries Ltd,0.454,0.646,7,-6.738,0,0.0293,0.838,0.016,0.168,0.783,130.159,3
5KbRZnu5zAMiofcaqApl4b,Meri Sanson Mein,Aur Pyar Ho Gaya,Udit Narayan,8/15/1997,459000,47,31xenvtkitu6a356z43dlsw7xrwm,2025-02-26T16:37:22Z,"bollywood,hindi pop,desi",Saregama,0.582,0.402,0,-14.657,1,0.0428,0.611,0,0.0598,0.657,82.056,4
6SdyVIDR6AhmNeGlOcEHkq,Tere Ishq Mein Pagal,Humko Tumse Pyar Hai,"Udit Narayan,Alka Yagnik,Sapna Awasthi",10/7/2005,364413,44,31xenvtkitu6a356z43dlsw7xrwm,2025-02-26T16:38:49Z,"bollywood,hindi pop,desi,bhajan",T-Series,0.64,0.835,9,-7.032,1,0.0748,0.105,0.000703,0.289,0.853,90.941,4
36DJdwvrqueZmeEKFrJC5m,Kam Se Kam Itna Kaha Hota,Dil Tera Aashiq (Original Motion Picture Soundtrack),"Alka Yagnik,Mukul Agarwal",10/22/1993,357893,50,31xenvtkitu6a356z43dlsw7xrwm,2025-02-26T16:39:39Z,"bollywood,hindi pop,desi",Tips Industries Ltd,0.499,0.825,7,-8.478,0,0.0467,0.671,0.000171,0.232,0.738,115.904,4
1hhmxIIa43oIMYRG0DLhZW,Saaton Janam Main Tere,Dilwale (Original Motion Picture Soundtrack),"Kumar Sanu,Alka Yagnik",7/15/1993,339253,53,31xenvtkitu6a356z43dlsw7xrwm,2025-02-26T16:39:48Z,"bollywood,hindi pop,desi",Ishtar Music Pvt. Ltd.,0.44,0.875,6,-8.461,0,0.121,0.341,0.000109,0.331,0.542,122.061,4
6Rkl10M1hGj0bvN3TlQ3KI,Kasam Khake Kaho,Dil Hai Tumhaara (Original Motion Picture Soundtrack),"Alka Yagnik,Kumar Sanu",9/6/2002,353000,52,31xenvtkitu6a356z43dlsw7xrwm,2025-02-26T16:41:55Z,"bollywood,hindi pop,desi",Tips Industries Ltd,0.626,0.923,9,-7.012,0,0.046,0.15,0.0000603,0.0414,0.86,114.021,4
6mKIttthZHL7j0wyVJfXa4,Teri Isi Ada Pe Sanam (From Deewana),Melodious Voice of Sadhana Sargam,"Sadhana Sargam,Kumar Sanu",7/1/2016,311797,36,31xenvtkitu6a356z43dlsw7xrwm,2025-02-26T16:42:27Z,"tamil pop,bollywood,bhajan,hindi pop",Ishtar Music Pvt. Ltd.,0.478,0.438,6,-13.695,1,0.0373,0.738,0.0000425,0.372,0.829,153.06,3
0hHP9GyDw9AGoqUSRTa5OG,Kitna Haseen Chehra,Dilwale (Original Motion Picture Soundtrack),Kumar Sanu,7/15/1993,354455,50,31xenvtkitu6a356z43dlsw7xrwm,2025-02-26T16:43:22Z,"bollywood,hindi pop",Ishtar Music Pvt. Ltd.,0.455,0.823,0,-9.182,0,0.0352,0.325,0.0000189,0.225,0.949,154.841,4
